Name,Address,Description,watchlist_ind,n_dry_saunas,n_steam_rooms,sauna_types,tags,venue_primary_function,cold_immersion_setup,showers_available,url
Abbey Leisure Centre,"Bobby Moore Way, Barking IG11 7HW","High-spec ""The Abbey Spa"" within the leisure centre. Features a dedicated thermal suite.",,1,3,"[Rock, Aromatherapy, Crystal, Salt]","[Public, Luxury, Wellness, Social]",Gym / Leisure Centre,Ice feature / Ice chute,TRUE,https://www.everyoneactive.com/centre/abbey-leisure-centre/
Albany Leisure Centre,"505 Hertford Rd, EN3 5XH","Reliable ""Better"" health suite featuring a standard sauna and steam room for public use.",,1,1,[Finnish],"[Public, Athletic, Wellness]",Gym / Leisure Centre,,TRUE,https://www.better.org.uk/leisure-centre/london/enfield/albany-leisure-centre
Arc Canary Wharf,"1 Crossrail Place, E14 5AR",Premier contrast therapy venue featuring the UK's largest communal sauna (65-person) and structured classes.,1,1,0,"[Finnish, High-Heat]","[Social, Boutique, Contrast-Focus, High-Heat]",Recovery Hub,8 custom double ice baths,TRUE,https://www.arc-community.com/canary-wharf
Archway Leisure Centre,"Macdonald Rd, N19 5DD","Public ""Better"" health suite with a high-heat dry sauna and steam room, refurbished in 2023.",,1,1,[Finnish],"[Public, Athletic, Wellness]",Gym / Leisure Centre,,TRUE,https://www.better.org.uk/leisure-centre/london/islington/archway
Aura Organic Spa,"21 East Bay Lane, E15 2GW","Luxury private-hire boutique spa in Here East. Features organic rituals and a ""Movie Night"" package with a 100-inch screen.",,1,1,"[Infrared, Herbal Steam]","[Private, Boutique, Luxury, Wellness]",Boutique Spa,,TRUE,https://www.auraorganicsspa.com/privatespa
Aura Organics Spa,"(Border) Hackney Bridge, E15",Verified 2026: This entry refers to the same flagship Hackney Wick location at 21 East Bay Lane. Focuses on infrared heat and herbal steam with an organic wellness focus.,,1,1,"[Infrared, Herbal Steam]","[Private, Boutique, Wellness]",Boutique Spa,,TRUE,https://www.auraorganicsspa.com/
Balham Leisure Centre,"Elmfield Rd, SW17 8AL",Verified 2026: Reopened in Jan 2026 following a major refurb. Features a brand new poolside health suite with modern sauna and steam facilities.,,1,1,[Finnish],"[Public, Athletic, Wellness]",Gym / Leisure Centre,,TRUE,https://www.placesleisure.org/centres/balham-leisure-centre/
Bannatyne Bexleyheath,"71-75 Broadway, DA6 7JN",Verified 2026: Features a large 20m pool and a robust health suite. Known for its high-heat steam room alongside the dry sauna.,,1,1,[Finnish],"[Private, Wellness, Athletic]",Gym / Leisure Centre,,TRUE,https://www.bannatyne.co.uk/health-club/bexleyheath
Bannatyne Chingford,"2 Morrison Ave, Larkswood Park, E4 8SA","Verified 2026: Flagship site for the area. Features a pool-side sauna, steam room, and a luxury spa pool. Known as the primary ""Adults Only"" spa atmosphere for the border crowd.",,1,1,[Finnish],"[Private, Wellness, Luxury]",Gym / Leisure Centre,,TRUE,https://www.bannatyne.co.uk/health-club/chingford
Bannatyne Chingford,"Larkswood Park, E4 8YS","Verified 2026: Same location as above. Features include a heated pool, sauna, steam room, and relaxation room with heated stone loungers.",,1,1,[Finnish],"[Private, Wellness, Luxury]",Gym / Leisure Centre,,TRUE,https://www.bannatyne.co.uk/health-club/chingford
Bannatyne Chingford,"Unit 4, Larkswood Park, E4",Verified 2026: Consistent with other entries for this site. High-spec commercial spa with pool-side heat facilities and Technogym-equipped fitness floor.,,1,1,[Finnish],"[Private, Wellness, Luxury]",Gym / Leisure Centre,,TRUE,https://www.bannatyne.co.uk/health-club/chingford
Bannatyne Health Club,"Purley Way, Croydon CR0 4UZ","Verified 2026: Often referred to as the Wallington/Sutton border site. Features a large 20m pool and a luxurious health suite with sauna, steam, and spa pool.",,1,1,[Finnish],"[Private, Wellness, Athletic]",Gym / Leisure Centre,,TRUE,https://www.bannatyne.co.uk/health-club/waddon
Bannatyne Health Club,"Lowlands Rd, Harrow HA1 3AN","Premium facility with a heated swimming pool, sauna, and steam room. Recently upgraded CV equipment in Dec 2025.",,1,1,[Finnish],"[Private, Wellness, Athletic]",Gym / Leisure Centre,,TRUE,https://www.bannatyne.co.uk/health-club/harrow
Bannatyne Wimbledon,"Quicks Rd, SW19 1EY","Verified 2026: Features a high-capacity sauna, steam room, and a 20m pool. Reliable for post-work recovery.",,1,1,[Finnish],"[Private, Wellness, Athletic]",Gym / Leisure Centre,,TRUE,https://www.bannatyne.co.uk/health-club/wimbledon
Becontree Heath Leisure,"Althorne Wy., Dagenham RM10 7FH",Everyone Active site featuring a recently refurbished poolside health suite with standard thermal facilities.,,1,1,[Finnish],"[Public, Athletic, Wellness]",Gym / Leisure Centre,,TRUE,https://www.everyoneactive.com/centre/becontree-heath-leisure-centre/
Bellingham Leisure Centre,"5 Randlesdown Rd, SE6 3BT","Community ""Better"" hub. Features a standard health suite with a sauna and steam room accessible to members and day-pass users.",,1,1,[Finnish],"[Public, Athletic, Wellness]",Gym / Leisure Centre,,TRUE,https://www.better.org.uk/leisure-centre/london/lewisham/bellingham-leisure-and-lifestyle-centre
Benjawan Thai Therapy,"104 Stroud Green Rd, N4",Boutique high-street wellness center. Offers a dedicated dry sauna for standalone sessions or as a pre-treatment ritual.,,1,0,[Finnish],"[Private, Boutique, Wellness]",Boutique Spa,,TRUE,https://www.benjawan-thaimassage.co.uk/
bhuti,"Bingham Riverhouse, TW10",Eco-conscious wellness space. Features a serene riverside environment with both infrared and traditional wood saunas.,,2,0,"[Infrared, Wood-Fired]","[Boutique, Luxury, Wellness, Social, Contrast-Focus]",Boutique Spa,1 plunge pool / ice bath,TRUE,https://www.binghamriverhouse.com/bhuti
Bingham Riverhouse,"61-63 Petersham Rd, TW10","Boutique hotel wellness space (bhuti). Offers a small-capacity infrared sauna session (30-min) and a traditional sauna as part of ""Nourish & Renew"" retreats.",,2,0,"[Infrared, Wood-Fired]","[Boutique, Luxury, Wellness, Social, Contrast-Focus]",Boutique Spa,1 plunge pool / ice bath,TRUE,https://www.binghamriverhouse.com/rest/nourish-renew-retreat/
Blissful Float Spa,"31 Fife Road, Kingston KT1 1SF",Recovery hub specialized in floatation therapy and full-spectrum infrared sauna sessions.,,1,0,[Infrared],"[Boutique, Wellness, Private]",Recovery Hub,,TRUE,https://www.blissfulfloatspa.com/
Blocspa Brixton,"Arch 267, 241 Coldharbour Ln, SW9","Located inside BlocFit climbing gym. Features a ""Scandi-style"" high-heat Finnish sauna and dedicated cold plunge pools.",,1,0,[Finnish],"[Athletic, Social, Boutique, Contrast-Focus]",Climbing Gym,1 tiled plunge pool,TRUE,https://www.blocfit.co.uk/sauna
BodyWell,"18 Willesden Ln, NW6 7SR","Independent wellness center offering a unisex high-heat dry sauna, often paired with massage or body scrub treatments.",,1,0,[Finnish],"[Boutique, Wellness, Private]",Boutique Spa,,TRUE,https://bodywell.co/sauna/
Botwell Green Sports,"East Avenue, Hayes UB3 2HW","Reliable ""Better"" leisure center. Features a poolside health suite with a traditional dry sauna and steam room.",,1,1,[Finnish],"[Public, Athletic, Wellness]",Gym / Leisure Centre,,TRUE,https://www.better.org.uk/leisure-centre/london/hillingdon/botwell-green
Bowen Bexley,"100 Broadway, Bexleyheath DA6 7DE","Features the ""Husavik Sauna,"" a traditional Norwegian-style unit reaching 80–90°C. Includes a Norwegian Pine cold water bath for contrast therapy.",,1,0,"[Finnish, High-Heat]","[Boutique, High-Heat, Wellness, Contrast-Focus]",Boutique Spa,1 Norwegian Pine cold water bath,TRUE,https://bowenbexley.co.uk/sauna-2/
Britannia Leisure Centre,"Pitfield St, N1 5FT",State-of-the-art Hackney flagship. Features a large dry sauna and a high-humidity steam room within a modern health suite.,,1,1,[Finnish],"[Public, Wellness, Athletic]",Gym / Leisure Centre,,TRUE,https://www.better.org.uk/leisure-centre/london/hackney/britannia-leisure-centre
Brixton Recreation Centre,"27 Brixton Station Rd, SW9 8QQ","Verified 2026: Features a brand-new wellness suite (opened July 2025) including traditional and infrared saunas, a steam room, and an ""Active Spa Garden"".",,2,1,"[Finnish, Infrared]","[Public, Social, Wellness, Boutique]",Gym / Leisure Centre,,TRUE,https://active.lambeth.gov.uk/facilities/wellness-suite/
BXR Lab (Marylebone),"24 Paddington St, W1U 5QY",High-performance hub with advanced Infrared Saunas and 6°C cold plunges. Designed to accelerate recovery and enhance performance.,,1,0,[Infrared],"[Private, Boutique, Recovery-Hub, Contrast-Focus, High-Performance]",Recovery Hub,1 cold plunge pool (6°C),TRUE,https://www.bxrlondon.com/lab
Central Park Leisure,"Gooshays Drive, RM3 9LB",Everyone Active site featuring a reliable health suite with a large sauna and steam room. Noted for its community atmosphere and state-of-the-art gym.,,1,1,[Finnish],"[Public, Wellness, Athletic]",Gym / Leisure Centre,,TRUE,https://www.everyoneactive.com/centre/central-park-leisure-centre/
Charlton Lido,"Shooters Hill Rd, SE18 4LX","Verified 2026: Features a small poolside dry sauna on the sun deck, serving the year-round heated Olympic pool. Note: The health suite downstairs described in some logs is located at Ironmonger Row Baths, not here.",,1,0,[Finnish],"[Public, Outdoor, Social, Wellness]",Gym / Leisure Centre,,TRUE,https://www.better.org.uk/leisure-centre/london/greenwich/charlton-lido
Cheam Leisure Centre,"Malden Rd, Sutton SM3 8EP","Reliable ""Everyone Active"" hub featuring a modern health suite with a sauna and steam room. Requires booking via the app.",,1,1,[Finnish],"[Public, Athletic, Wellness]",Gym / Leisure Centre,,TRUE,https://www.everyoneactive.com/centre/cheam-leisure-centre/
Chelsea FC Health Club & Spa,"Stamford Bridge, SW6 1HS","Premium athletic club featuring a 25m ozone-treated pool. The thermal suite includes a high-heat sauna, steam room, and a dedicated cold plunge.",,1,1,"[Finnish, High-Heat]","[Private, Luxury, Athletic, Contrast-Focus]",Gym / Leisure Centre,1 tiled plunge pool,TRUE,https://www.chelseahealthclub.com/
Clissold Leisure Centre,"63 Clissold Rd, N16 9EX","Reliable ""Better"" health suite in Stoke Newington. Features two saunas, a steam room, and a Jacuzzi for recovery.",,2,1,[Finnish],"[Public, Athletic, Wellness]",Gym / Leisure Centre,,TRUE,https://www.better.org.uk/leisure-centre/london/hackney/clissold-leisure-centre
Cold Hut Recovery,"54 Stanley Rd, BR2 9JH","Located at Aphobos CrossFit. An automated private ""Recovery Hut"" featuring a full-spectrum infrared sauna and a cold plunge tub.",,1,0,[Infrared],"[Private, Athletic, Contrast-Focus]",Recovery Hub,1 Chill Tub ice bath,TRUE,https://www.coldhutrecovery.com/
Community Sauna (Stratford),"Penny Brookes St, E20 1BL",Located in The Lighthouse & Gardens. Features three wood-fired saunas (75–95°C) and three cold plunge pools.,,3,0,[Wood-Fired],"[Social, Public, Outdoor, Traditional, Contrast-Focus]",Social Sauna,3 cold plunge pools,TRUE,https://www.community-sauna.co.uk/stratford-sauna
Community Sauna (Stratford),"Penny Brookes St, E15 1GP",Verified 2026: Flagship community garden site. Offers authentic wood-fired heat with a heavy focus on accessibility and low-cost concessions.,,3,0,[Wood-Fired],"[Social, Public, Outdoor, Traditional, Contrast-Focus]",Social Sauna,3 cold plunge pools,TRUE,https://www.community-sauna.co.uk/stratford-sauna
Community Sauna Baths (Ruskin Park),"Ruskin Park, SE5 8EL",Serene spot tucked in the park featuring unique saunas and plunge pools surrounded by nature.,1,3,0,"[Wood-Fired, Finnish, Aufguss]","[Social, Public, Outdoor, Traditional, Wellness]",Social Sauna,Plunge pools,TRUE,https://www.community-sauna.co.uk/locations/camberwell
Community Sauna Baths (Hackney Wick),"80 Eastway, E9 5JH","The ""Flagship"" site featuring a community bathhouse vibe with a large array of wood-fired saunas and ice plunges.",1,7,0,"[Finnish, Wood-Fired]","[Social, Public, Outdoor, Traditional, High-Heat]",Social Sauna,"Plunge pools, bathtubs, whisky barrels",TRUE,https://www.community-sauna.co.uk/locations/hackneywick
Community Sauna Baths (Walthamstow),"47 Sutherland Rd, E17 6BH","Located on a vacant industrial plot; features large electric saunas, a ""Plunge Island,"" and a social firepit.",1,3,0,"[Finnish, Aufguss, Silent Sauna]","[Social, Public, Outdoor, Wellness, Contrast-Focus]",Social Sauna,4 cold plunge pools,TRUE,https://www.community-sauna.co.uk/walthamstow-sauna
Contrast Anerley,"183A Anerley Rd, SE20 8EF",Private boutique space offering a traditional Finnish sauna paired with cold immersion in a serene environment.,,1,0,[Finnish],"[Private, Boutique, Contrast-Focus, Wellness]",Boutique Spa,1 ice bath,TRUE,https://www.contrastlondon.co.uk/
Covent Garden Health Spa,"29 Endell St, WC2H 9BA","Men-only health spa in the heart of Covent Garden featuring a dry sauna, steam room, and social lounge.",,1,1,[Finnish],"[Private, Social, Wellness]",Boutique Spa,,TRUE,https://www.cghspa.uk/
Crook Log Leisure,"Brampton Rd, Bexleyheath DA7 4HH",Large community hub managed by Places Leisure. Features a health suite with a 15-person sauna and steam room.,,1,1,[Finnish],"[Public, Wellness, Athletic, Community]",Gym / Leisure Centre,Ice fountain,TRUE,https://www.placesleisure.org/centres/crook-log-leisure-centre/
Crowne Plaza Spa,"101-105 Royal Victoria Dock, E16 1AL",Located in the Quad Health Club. Features separate male and female dry saunas and a shared steam room.,,2,1,[Finnish],"[Private, Hotel, Wellness, Luxury]",Hotel Spa,,TRUE,https://www.cpdocklands.co.uk/leisure-club
Crowns Gym,"108 Beckenham Rd, BR3 4RH","Independent high-end combat and fitness club. Features ""Southeast London's largest sauna"" and a dedicated 2-person cold plunge pool.",,1,0,"[Finnish, Wood-Lined]","[Private, Boutique, Combat, Athletic, Contrast-Focus]",Gym / Leisure Centre,1 2-person cold plunge pool,TRUE,https://crownsgym.com/service/sauna-room/
David Lloyd (Finchley),"Leisure Way, N12 0QZ","Premier facility featuring a ""Spa Retreat"" and ""Spa Garden."" Includes high-spec thermal experiences and relaxation zones.",,2,1,"[Himalayan Salt, Finnish]","[Private, Luxury, Wellness, Social]",Gym / Leisure Centre,1 plunge pool,TRUE,https://www.davidlloyd.co.uk/clubs/finchley/club-facilities/spa/
David Lloyd Cheam,"Ewell Rd, Cheam, SM3 8AB","Features the ""Celsius Spa"" with dedicated heat and water facilities designed for muscle recovery and relaxation.",,1,1,[Finnish],"[Private, Luxury, Wellness, Social]",Gym / Leisure Centre,,TRUE,https://www.davidlloyd.co.uk/clubs/cheam/club-facilities/spa/
David Lloyd Enfield,"Carterhatch Ln, EN1 4YJ","2026 Flagship: Home to an extensive ""Spa Retreat"" and ""Spa Garden"" featuring an ice cave and specialized salt heat.",,2,1,"[Himalayan Salt, Finnish]","[Private, Luxury, Wellness, Social]",Gym / Leisure Centre,1 ice cave,TRUE,https://www.davidlloyd.co.uk/clubs/enfield/club-facilities/spa/
David Lloyd Gidea Park,"Squirrels Heath Ln, RM11",Features a luxury spa suite with diverse thermal cabins and dedicated cold immersion for post-training.,,2,1,"[Finnish, Sanarium]","[Private, Luxury, Wellness, Social]",Gym / Leisure Centre,1 plunge pool,TRUE,https://www.davidlloyd.co.uk/clubs/gidea-park/club-facilities/spa/
David Lloyd Kingston,"Rotunda, Clarence St, KT1 1QJ",Centrally located wellness area within the Rotunda. Offers a streamlined health suite focused on core recovery.,,1,1,[Finnish],"[Private, Wellness, Athletic]",Gym / Leisure Centre,,TRUE,https://www.davidlloyd.co.uk/clubs/kingston/club-facilities/spa/
David Lloyd (Northwood),"Duck's Hill Rd, HA6 2DR","Verified 2026: Features an extensive ""Spa Retreat"" and ""Spa Garden"" including an ice cave, hydro pools, and multiple specialized heat rooms.",,3,2,"[Finnish, Himalayan Salt, Crystal Steam, Citrus Steam]","[Private, Luxury, Wellness, Social, Contrast-Focus]",Gym / Leisure Centre,"1 plunge pool, 1 ice cave",TRUE,https://www.davidlloyd.co.uk/clubs/northwood/club-facilities/spa/
David Lloyd Raynes Park,"Bushey Rd, SW20 8TE","Flagship ""Spa Retreat"" featuring a Himalayan salt sauna and bespoke citrus steam rooms. The outdoor ""Spa Garden"" adds a traditional Finnish unit.",,2,2,"[Finnish, Himalayan Salt, Crystal Steam, Citrus Steam]","[Private, Luxury, Wellness, Social, Contrast-Focus]",Gym / Leisure Centre,"1 plunge pool, 1 ice cave",TRUE,https://www.davidlloyd.co.uk/clubs/raynes-park/club-facilities/spa-and-wellbeing/
David Lloyd Sidcup,"Baugh Rd, Sidcup DA14 5ED","Offers a streamlined ""Poolside Spa"" experience focused on core recovery with a traditional sauna, steam room, and whirlpool.",,1,1,[Finnish],"[Private, Wellness, Athletic]",Gym / Leisure Centre,,TRUE,https://www.davidlloyd.co.uk/clubs/sidcup/club-facilities/spa/
Dormers Wells Leisure,"Dormers Wells Lane, UB1 3HX",Verified 2026: Decarbonization project complete. Features a 20m pool and a functional dry sauna within the health suite.,,1,0,[Finnish],"[Public, Athletic, Wellness]",Gym / Leisure Centre,,TRUE,https://www.everyoneactive.com/centre/dormers-wells-leisure-centre/
Downham Health & Leisure,"7-9 Moorside Rd, BR1 5EP","Large ""Health Suite"" featuring a verified dry sauna, steam room, and a hydrotherapy pool. Managed by Better.",,1,1,[Finnish],"[Public, Wellness, Athletic]",Gym / Leisure Centre,,TRUE,https://www.better.org.uk/leisure-centre/london/lewisham/downham-health-and-leisure-centre
e7 Movement,"368 Winchelsea Rd, E7 0AA",Boutique Forest Gate wellness studio featuring a private garden with a wood-fired sauna and a cold plunge pool.,,1,0,[Wood-Fired],"[Boutique, Social, Wellness, Contrast-Focus]",Boutique Spa,1 cold plunge pool,TRUE,https://www.e7movement.com/sauna-1
East Ham Leisure Centre,"324 Barking Road, E6 2RT",Verified 2026: Currently undergoing Phase 2 of a major refurbishment (Gym and changing rooms) due for completion Feb 2026. Health suite includes a sauna and steam room.,,1,1,[Finnish],"[Public, Athletic, Wellness]",Gym / Leisure Centre,,TRUE,https://www.better.org.uk/leisure-centre/london/newham/east-ham-leisure-centre
Eden Fitness,"Cavell House, Stannard Rd, W13","Premier independent Ealing club. Features a luxury spa area with a sauna, saunarium, and steam room.",,2,1,"[Finnish, Saunarium]","[Private, Boutique, Wellness, Luxury]",Gym / Leisure Centre,,TRUE,https://www.edenfitness.co.uk/
Edmonton Leisure Centre,"2 The Broadway, Edmonton N9 0TR","Large ""Better"" site in Enfield. Features a reliable health suite with a high-capacity sauna and steam room.",,1,1,[Finnish],"[Public, Athletic, Wellness]",Gym / Leisure Centre,,TRUE,https://www.better.org.uk/leisure-centre/london/enfield/edmonton-leisure-centre
Eleven Thai Therapy,"311 King St, Hammersmith W6 9NH",Specialist Thai massage centre offering dedicated private sessions for both traditional and infrared saunas.,,2,0,"[Finnish, Infrared]","[Boutique, Wellness, Private]",Boutique Spa,,TRUE,https://thai-london-therapy-hammersmith.mytreatwell.co.uk/
Empire Hair & Beauty,"158 Uxbridge Rd, West Ealing W13 8SB","High-street salon offering ""Steam & Sauna Therapy"" sessions (30-80 mins) as a standalone wellness treatment.",,1,1,[Finnish],"[Boutique, Wellness, Private]",Boutique Spa,,TRUE,https://empire-hair-beauty.mytreatwell.co.uk/
Erith Leisure Centre,"Avenue Rd, Erith DA8 3EE","Verified 2026: Features the ""Expressions"" health suite. While primarily an athletics hub, it maintains a core dry sauna and steam room facility.",,1,1,[Finnish],"[Public, Athletic, Community]",Gym / Leisure Centre,,TRUE,https://www.leisurecentre.com/erith-leisure-centre
ESPA Life at Corinthia,"Whitehall Pl, London SW1A 2BD","Ultra-luxury thermal floor featuring a glass-walled ""Amphitheatre Sauna"" and a black mosaic steam room.",,1,1,"[Finnish, High-Heat]","[Luxury, Boutique, Wellness, Contrast-Focus]",Hotel Spa,1 ice fountain,TRUE,https://www.corinthia.com/en-gb/london/spa-at-corinthia-london/thermal-floor/
Finchley Lido,"Great North Leisure Park, N12 0GL",Historic site (1948 Olympic venue) managed by Better. Features a high-heat dry sauna accessible via the pool area; currently no steam room on-site.,,1,0,[Finnish],"[Public, Athletic, Wellness]",Gym / Leisure Centre,,TRUE,https://www.better.org.uk/leisure-centre/london/barnet/finchley-lido-leisure-centre
Fitness First (Clapham Jct),"Grant Rd, SW11 1SZ",High-traffic station gym featuring a reliable health suite with a high-temperature dry sauna and a separate steam room.,,1,1,[Finnish],"[Private, Gym, Athletic]",Gym / Leisure Centre,,TRUE,https://www.fitnessfirst.co.uk/find-a-gym/clapham-junction-station
Fitness First (Cottons),"47-49 Tooley St, SE1 2QN",Flagship London Bridge location. Features a 20m swimming pool and a refurbished health suite including a wood-lined dry sauna and steam room.,,1,1,[Finnish],"[Private, Gym, Athletic, Wellness]",Gym / Leisure Centre,,TRUE,https://www.fitnessfirst.co.uk/find-a-gym/london-bridge-cottons
Fitness First Hammersmith,"26-28 Hammersmith Grove, W6 7HA","Recently renovated ""sleek"" facility. Includes a poolside health suite with a high-capacity dry sauna and a steam room.",,1,1,[Finnish],"[Private, Gym, Athletic, Wellness]",Gym / Leisure Centre,,TRUE,https://www.fitnessfirst.co.uk/find-a-gym/hammersmith
Fitness4Less Canning Town,"1 Barking Rd, E16 1GA",Verified 2026: Recently refurbished budget-friendly gym. Maintains a high-quality wood-lined dry sauna and a separate steam room.,,1,1,[Finnish],"[Private, Gym, Athletic, Budget]",Gym / Leisure Centre,,TRUE,https://www.fitness4less.co.uk/gym/canning-town/
Flexi Skin & Body,"104 Islington High St, N1 8EG",Boutique wellness clinic specializing in full-spectrum Infrared Saunas for detox and muscle recovery. Features a private room with a Vitamin C shower.,,1,0,[Infrared],"[Boutique, Wellness, Private]",Boutique Spa,,TRUE,https://www.fresha.com/lvp/flexi-skin-and-body-islington-high-street-PVzeeG
Floatworks (Vauxhall),"17b St George Wharf, SW8 2LE","Flagship hub offering a ""Total Reset"" through high-spec Full Spectrum Infrared Saunas and floatation therapy.",,1+,0,[Infrared],"[Boutique, Wellness, Recovery-Hub, Private]",Recovery Hub,,TRUE,https://floatworks.com/locations/vauxhall
Forest Hill Pools,"Dartmouth Rd, SE23 3HZ","Managed by Better (GLL). Features a clean, functional dry sauna located directly within the poolside changing area. Primarily a local community hub.",,1,0,[Finnish],"[Public, Athletic, Wellness]",Gym / Leisure Centre,,TRUE,https://www.better.org.uk/leisure-centre/london/lewisham/forest-hill-pools
Fulham Pools,"Normand Park, Lillie Rd, SW6 7ST","Managed by Virgin Active. Features a 25m pool alongside a health suite containing a sauna, steam room, and hydrotherapy pool.",,1,1,[Finnish],"[Public, Athletic, Wellness]",Gym / Leisure Centre,,TRUE,https://www.virginactive.co.uk/clubs/fulham-pools
Fullwell Cross Spa,"High St, Barkingside, IG6 2EA","A dedicated ""Wellness Spa"" within the leisure centre. Features thermal experiences including a rock sauna and multiple specialized steam rooms.",,1,2,"[Rock, Aromatherapy, Crystal]","[Public, Wellness, Boutique, Social]",Boutique Spa,,TRUE,https://visionrcl.org.uk/centre_activities/fullwell-spa/
Glass Mill Leisure Centre,"41 Loampit Vale, SE13 7FT","High-spec ""Better"" centre. The Health Suite includes a sauna and steam room, plus a dedicated ice room for recovery.",,1,1,[Finnish],"[Public, Athletic, Wellness, Contrast-Focus]",Gym / Leisure Centre,,TRUE,https://www.better.org.uk/leisure-centre/london/lewisham/glass-mill-leisure-centre
Gymbox Ealing,"8 Dickens Yard, Longfield Ave, W5 2TD","""Nightclub-style"" gym located in Dickens Yard. Features high-capacity, high-heat saunas (85°C+) located within the male and female changing areas.",,2,0,"[Finnish, High-Heat]","[Private, Gym, Athletic, High-Heat]",Gym / Leisure Centre,,TRUE,https://gymbox.com/locations/ealing
Hampton Pool,"High St, Hampton, TW12 2ST","Famous heated outdoor lido open 365 days a year. Includes a small, effective dry sauna unit located on the sun deck for post-swim warmth.",,1,0,[Finnish],"[Public, Outdoor, Social, Wellness]",Gym / Leisure Centre,,TRUE,https://www.hamptonpool.co.uk/pool/
Hanworth Air Park,"Uxbridge Rd, Feltham TW13 5EG",Everyone Active site following a 2026 refurb. Features a modern health suite with a mixed-gender sauna and steam room.,,1,1,[Finnish],"[Public, Athletic, Wellness]",Gym / Leisure Centre,,TRUE,https://www.everyoneactive.com/centre/hanworth-air-park-leisure-centre-library/
Harbour Club Chelsea,"Watermeadow Lane, SW6 2RW","Ultra-premium family and athletic club. Features a luxury thermal suite including a sauna, steam room, and a dedicated aromatherapy room.",,1,2,"[Finnish, Aromatherapy Steam, Steam]","[Private, Luxury, Wellness, Social, Athletic]",Gym / Leisure Centre,,TRUE,https://www.harbourclub.com/clubs/chelsea/
Harmony Lounge,"62 Brockley Rise, SE23 1LN",Boutique neighborhood wellness center. Offers private treatment rooms that include a dry sauna for individual or couple sessions.,,1,0,[Finnish],"[Private, Boutique, Wellness]",Boutique Spa,,TRUE,https://www.harmonylounge.co.uk/
Harrow Leisure Centre,"Christchurch Ave, Harrow HA3 5BD","Verified 2026: Flagship ""Everyone Active"" hub. Features an extensive health suite with two saunas and two steam rooms. Strict over-16s policy enforced.",,2,2,[Finnish],"[Public, Flagship, Athletic, Wellness]",Gym / Leisure Centre,,TRUE,https://www.everyoneactive.com/centre/harrow-leisure-centre/
Harrow Lodge Leisure,"Hornchurch Rd, Hornchurch RM11 1JU",Verified 2026: Modern new-build facility. Features a high-spec sauna and steam room. Access requires booking via the app and use of color-coded wristbands.,,1,1,[Finnish],"[Public, New Build, Athletic, Wellness]",Gym / Leisure Centre,,TRUE,https://www.everyoneactive.com/centre/harrow-lodge-leisure-centre/
Health Fusion Clinic,"226 High St, Barnet EN5 5TD",Specialized wellness hub focused on 45-minute Infrared Sauna sessions for detoxification and pain relief.,,1,0,[Infrared],"[Boutique, Recovery, Private, Wellness]",Recovery Hub,,TRUE,https://www.healthfusionclinic.com/infrared-sauna
Hendon Leisure Centre,"Marble Drive, London NW2 1XQ",Verified 2026: Primarily a gymnastics and climbing hub following a major 2025 refurbishment. Maintains a small sauna for athletic recovery.,,1,0,[Finnish],"[Public, Athletic, Recovery]",Gym / Leisure Centre,,TRUE,https://www.better.org.uk/leisure-centre/london/barnet/hendon-leisure-centre
Heston Pools & Fitness,"New Heston Rd, Heston TW5 0LW","Verified 2026: Managed by Lampton Leisure. Features separate, segregated male and female saunas and steam rooms for privacy and comfort.",,2,2,[Finnish],"[Public, Flagship, Athletic, Wellness]",Gym / Leisure Centre,,TRUE,https://www.lamptonleisure.co.uk/our-centres/heston-pools-fitness/
Highbury Leisure Centre,"Highbury Crescent, N5 1RR",Verified 2026: Rebuilt following a major fire; now features a very clean and bright health suite with a large dry sauna and steam room.,,1,1,[Finnish],"[Public, Athletic, Wellness]",Gym / Leisure Centre,,TRUE,https://www.better.org.uk/leisure-centre/london/islington/highbury-leisure-centre
Highgrove Pool & Fitness,"Hume Way, Ruislip HA4",Verified 2026: Recently installed brand new sauna and steam cabins situated directly in the Main Pool Hall for convenient access after swimming.,,1,1,[Finnish],"[Public, Athletic, Wellness]",Gym / Leisure Centre,,TRUE,https://www.better.org.uk/leisure-centre/london/hillingdon/highgrove-leisure-centre
Hillingdon Sports Complex,"Gatting Way, Uxbridge UB8",Verified 2026: Features a refurbished health suite with a traditional sauna and steam room. Often requires separate booking from general swim sessions.,,1,1,[Finnish],"[Public, Flagship, Athletic, Wellness]",Gym / Leisure Centre,,TRUE,https://www.better.org.uk/leisure-centre/london/hillingdon/hillingdon-sports-lc
Hilton London Syon Park,"Park Rd, Isleworth TW7 6AZ","High-end Kallima Spa (adults-only). Features a luxury 15m pool, sauna, hot tub, and a specialized eucalyptus steam room.",,1,1,[Finnish],"[Private, Hotel, Luxury, Wellness]",Hotel Spa,,TRUE,https://www.hilton.com/en/hotels/lhrsphi-hilton-london-syon-park/spa/
Hilton Private Wellness,"101 Waddon Way, CR9 4HH","2026 Flagship: A private-hire wellness suite for 1–6 people. Includes a Finnish sauna, steam bath, and a Zerobody dry floatation bed.",,1,1,[Finnish],"[Private, Boutique, Recovery, Wellness]",Recovery Hub,,TRUE,https://www.treatwell.co.uk/place/hilton-private-wellness-area/
Hk Hammam & Spa,"11 Cambridge Parade, EN1 4JU",Verified 2026: Authentic Moroccan/Turkish-inspired spa. Features a high-heat dry sauna (85°C) and eucalyptus steam room.,,1,1,[Finnish],"[Boutique, Wellness, Traditional, Private]",Boutique Spa,"Bucket ice shower, Ice room (-15°C)",TRUE,https://oldhammam.co.uk/
Hot Stone Spa,"19 High Rd, Willesden NW10",Verified 2026: Reopening in Jan 2026 under new management. Known for traditional sauna sessions and specialized body scrubs.,,1,0,[Finnish],"[Boutique, Wellness, Private]",Boutique Spa,,TRUE,https://www.hotstonespa.co.uk/
Indy Massage & Spa,"514 London Rd, Sutton SM3 8HW",Neighborhood wellness center in North Cheam. Offers private 30-minute high-heat sauna sessions alongside Thai treatments.,,1,0,[Finnish],"[Boutique, Wellness, Private]",Boutique Spa,,TRUE,https://www.indymassageandspa.co.uk/
InterContinental Spa,"1 Waterview Dr, Greenwich SE10 0TW","Luxury riverside retreat within the hotel. Features a contemporary thermal suite including a sauna, steam room, and relaxation pools.",,1,1,[Finnish],"[Luxury, Hotel, Wellness]",Hotel Spa,1 ice fountain,TRUE,https://www.ihg.com/intercontinental/hotels/gb/en/london/lonic/hoteldetail/amenities
Ironmonger Row Baths,"1 Norman St, Islington EC1V 3AA","2026 Restoration: Historic 1930s Turkish Baths. Features a modern Juniper sauna (with IR panels), a high-heat salt sauna, and two specialized steam rooms.",1,2,2,"[Juniper, Infrared, Salt, Finnish]","[Historic, Public, Wellness, High-Heat, Contrast-Focus]",Traditional Banya,"1 plunge pool, 1 drench bucket",TRUE,https://www.spaexperience.org.uk/locations/old-street
Kensington Health Club,"Wrights Lane, W8 5SP",Located within the Holiday Inn London - Kensington High St. A tranquil retreat featuring an 18m pool and full thermal suite.,,1,1,[Finnish],"[Private, Hotel, Wellness, Social]",Gym / Leisure Centre,,TRUE,https://www.hilondonkensington.com/health-club-spa
Kings Gym Tower Bridge,"100 Tooley St, SE1 2TH",High-performance training facility. Features a poolside health suite including a high-heat dry sauna and a steam room for recovery.,,1,1,[Finnish],"[Private, Gym, Athletic, Recovery]",Gym / Leisure Centre,,TRUE,https://kingsgyms.com/pages/tower-bridge
Koia Notting Hill,"32 Notting Hill Gate, W11 3HX",High-end Notting Hill boutique. Features a private traditional dry sauna available for solo or couples sessions alongside luxury Thai rituals.,,1,0,[Finnish],"[Private, Boutique, Wellness, Luxury]",Boutique Spa,,TRUE,https://www.koia.london/treatment/spa/
KOYO Wellness,"14 King St, Richmond TW9 1ND","2026 Flagship: A premier contrast therapy sanctuary in Richmond. Features high-spec infrared saunas paired with ""beautifully handmade"" ice baths in private rooms.",,1+,0,[Infrared],"[Private, Boutique, Recovery Hub, Contrast-Focus, Wellness]",Recovery Hub,Handmade ice baths,TRUE,https://www.koyo-wellness.com/contrast-therapy/
Lanna Thai,"280 Upper Richmond Rd, SW15 6TQ","Specialist Thai massage clinic in Putney. Features an authentic dry sauna integrated into holistic ""Massage & Sauna"" recovery packages.",,1,0,[Finnish],"[Private, Boutique, Wellness]",Boutique Spa,,TRUE,https://lannathaiuk.com/
Leyton Leisure Centre,"763 High Rd, Leyton E10 5AB","Managed by ""Better."" Features a dedicated health suite containing a traditional dry sauna and a steam room.",,1,1,[Finnish],"[Public, Athletic, Wellness]",Gym / Leisure Centre,,TRUE,https://www.better.org.uk/leisure-centre/london/waltham-forest/leyton-leisure-centre
London Bridge Hotel,"8-10 London Bridge St, SE1 9SG",Independent 4-star hotel. Features a compact fitness suite with a traditional wood-lined sauna.,,1,0,[Finnish],"[Private, Hotel, Wellness]",Hotel Spa,,TRUE,https://www.londonbridgehotel.com/
Luxury Spa (London),"Hamilton Pl, Park Lane, W1J 7DR",Verified 2026: Referring to the Spa at Four Seasons Park Lane. Features high-spec thermal facilities including a glass-walled sauna with skyline views.,,1,1,"[Finnish, High-Heat]","[Private, Luxury, Wellness, Boutique]",Hotel Spa,1 vitality pool,TRUE,https://www.fourseasons.com/london/spa/
Loxford Leisure Centre,"Loxford Lane, Ilford, IG1 2UT","2026 Status: Offers specific ""Mixed Spa Sessions."" Shared with a school; check term-time opening hours for public access.",,1,1,[Finnish],"[Public, Community, Wellness]",Gym / Leisure Centre,,TRUE,https://visionrcl.org.uk/leisure/loxford-leisure-centre/
Lush Spa (Oxford St),"175-179 Oxford St, London, W1D 2JS","Unlike other branches, this flagship offers a unique sensory ""Sauna & Treatment"" experience using their own essential oils.",,1,0,[Infrared],"[Boutique, Concept, Wellness]",Boutique Spa,,TRUE,https://www.lush.com/uk/en/shops/lush-oxford-street
Maresia Spa & Massage,"18 Bush Hill Parade, Village Road, Enfield, EN1 2HB","2026 Update: Features a new ""Exclusive Basement Suite"" with a state-of-the-art steam room available for private booking.",,1,1,[Finnish],"[Boutique, Private, Wellness]",Boutique Spa,,TRUE,https://maresiaspa.co.uk/services/steam-room/
Marshall Street Spa,"15 Marshall St, London, W1F 7EL",Stunning 1930s marble setting in Soho. Features two distinct saunas and multiple steam rooms in a high-spec thermal suite.,,2,2+,[Finnish],"[Public, Historic, Luxury, Boutique]",Gym / Leisure Centre,,TRUE,https://www.everyoneactive.com/centre/marshall-street-leisure-centre-spa/
Meridian Fitness (Spa),"38 Creek Rd, London, SE8 3FN",High-end wellness gym in Greenwich with a verified sauna and steam room open 7 days a week in 2026.,,1,1,[Finnish],"[Gym, Wellness, Boutique, Social]",Gym / Leisure Centre,,TRUE,https://www.meridian-fitness.co.uk/sauna-and-steam-rooms/
Marshall Street Spa,"15 Marshall St, London, W1F 7EL",Historic Grade II listed Soho venue. Features a high-spec thermal suite with 2 distinct saunas and 1 steam room.,,2,1,[Finnish],"[Public, Historic, Luxury, Wellness]",Gym / Leisure Centre,,TRUE,https://www.everyoneactive.com/centre/marshall-street-leisure-centre-spa/
Meridian Fitness (Spa),"38 Creek Rd, London, SE8 3FN","A high-end wellness gym in Greenwich. Verified 2026: Maintains a clean, integrated sauna and steam suite for members and day guests.",,1,1,[Finnish],"[Gym, Wellness, Boutique, Social]",Gym / Leisure Centre,,TRUE,https://www.meridian-fitness.co.uk/sauna-and-steam-rooms/
Mile End Climbing Wall,"Clinton Rd, London, E3 4QY","Unique 2026 Feature: This climbing gym hosts a new outdoor wood-fired ""Finnish Sauna"" area with authentic wood-burning units and a cold plunge.",,2,0,"[Finnish, Wood-fired]","[Athletic, Social, Contrast-Focus, Traditional]",Climbing Gym,2 cold plunge pools,TRUE,https://www.mileendclimbing.com/
Mile End Leisure Centre,"190 Burdett Rd, London E3 4HL","Part of the Tower Hamlets ""Be Well"" network. Features a dedicated health suite with a sauna, steam room, and relaxation area.",,1,1,[Finnish],"[Public, Leisure, Wellness]",Gym / Leisure Centre,,TRUE,https://be-well.org.uk/centres/mile-end-leisure-centre-and-stadium/
Moberly Spa,"25 Chamberlayne Rd, London NW10 3NB","A high-spec, modern health suite located within the Everyone Active Moberly Sports Centre. Includes a sauna, steam room, and treatment rooms.",,1,1,[Finnish],"[Public, Boutique, Wellness]",Boutique Spa,,TRUE,https://www.everyoneactive.com/centre/moberly-sports-centre/spa/
Moberly Spa & Wellness,"25 Chamberlayne Rd, London NW10 3NB","The professional treatment and therapy wing of the Moberly facility, specializing in massages and luxury spa days using the thermal suite.",,1,1,[Finnish],"[Boutique, Private, Wellness]",Boutique Spa,,TRUE,https://www.fresha.com/a/moberly-spa-wellness-london-25-chamberlayne-road-jbN4lR
Motion Health Club (Chelsea),"Millennium Hotel, London SW10 0XG",Luxury health club at the Chelsea Harbour Hotel. Features individual sauna and steam rooms located within the male and female changing rooms.,,1,1,[Finnish],"[Luxury, Hotel, Private]",Hotel Spa,,TRUE,https://motionhealthclubs.co.uk/chelsea-harbour/
Natures Spa (Hendon),"9 Vivian Ave, London NW4 3UT",A long-standing boutique massage and aromatherapy clinic (est. 1974). Features a private dry sauna often included with body treatments.,,1,0,[Finnish],"[Boutique, Private, Wellness, Traditional]",Boutique Spa,,TRUE,https://naturesspa.co.uk/
Nature’s Health Hub,"134-136 North Cray Road, Bexley, DA5 3NB",Address Updated: Relocated from Welling to Bexley. A holistic hub featuring a private Infrared Sauna cabin for recovery and detoxification.,,1,0,[Infrared],"[Private, Recovery Hub, Wellness, Boutique]",Recovery Hub,,TRUE,https://www.natureshealthhub.co.uk/infrared-sauna
Newham Leisure Centre,"281 Prince Regent Ln, London E13 8SD","A cornerstone of the ""Better"" network in Newham. Verified 2026: Features a health suite on the first-floor mezzanine with a sauna and steam room.",,1,1,[Finnish],"[Public, Leisure, Wellness]",Gym / Leisure Centre,,TRUE,https://www.better.org.uk/leisure-centre/london/newham/newham-leisure-centre
Novo Gyms (Greenwich),"1-3 Lambarde Square, London SE10 9GB",Address Updated: A premier 24/7 recovery-focused gym. Features a dedicated suite with Salt and Infrared saunas.,,2,1,"[Salt, Infrared]","[Boutique, Recovery Hub, Wellness, Contrast-Focus, Gym]",Recovery Hub,"2 stainless steel ice baths, 1 recovery pool",TRUE,https://www.novogyms.com/greenwich
NRG GYM Lewisham,"156-160 Lewisham High St, SE13 6JL","High-performance ""Tribe"" gym. Verified 2026: Provides individual Infrared saunas within male and female changing areas.",,1+,0,[Infrared],"[Gym, Athletic, High-Heat, Wellness]",Gym / Leisure Centre,,TRUE,https://nrggym.com/gyms/lewisham/
Nuffield Health (Friern Barnet),"Princess Park Manor, 264 Royal Drive, N11 3BG","Set in a converted Victorian manor. Features a luxury wellness suite with a pool, sauna, and steam room.",,1,1,[Finnish],"[Gym, Wellness, Luxury, Traditional]",Gym / Leisure Centre,,TRUE,https://www.nuffieldhealth.com/gyms/friern-barnet
Nuffield Health (Stockley Park),"The Arena Club, Stockley Park East, Uxbridge UB11 1AA","High-end corporate gym serving the Stockley Park hub. Features a full spa area with a 25m pool, sauna, and steam room.",,1,1,[Finnish],"[Gym, Wellness, Corporate, Athletic]",Gym / Leisure Centre,,TRUE,https://www.nuffieldhealth.com/gyms/stockley-park
Nuffield Health (Twickenham),"Langhorn Dr, Twickenham TW2 7SX","Located within the Allianz Stadium complex. Features a comprehensive luxury health suite with sauna, steam room, and jacuzzi.",,1,1,[Finnish],"[Gym, Wellness, Athletic, Luxury]",Gym / Leisure Centre,,TRUE,https://www.nuffieldhealth.com/gyms/twickenham
Nuffield Health (Wandsworth),"King George's Park, Burr Road, Wandsworth SW18 4SQ",Verified 2026: A modern flagship club featuring a 20m swimming pool and a dedicated sauna and steam room recovery area.,,1,1,[Finnish],"[Gym, Wellness, Athletic, Social]",Gym / Leisure Centre,,TRUE,https://www.nuffieldhealth.com/gyms/wandsworth
Nuffield Health (West Wickham),"Hayes Lane, Bromley BR2 9EF","Address Clarification: Officially the ""Bromley"" club. 2026 records confirm a poolside sauna, but no communal steam room is currently listed.",,1,0,[Finnish],"[Gym, Wellness, Private, Traditional]",Gym / Leisure Centre,,TRUE,https://www.nuffieldhealth.com/gyms/bromley
Nuffield Health Cheam,"Peaches Close, Cheam, SM2 7BJ","A modern fitness club offering comprehensive wellbeing services. Facilities include a heated indoor pool, sauna, and steam room.",,1,1,[Finnish],"[Gym, Wellness, Private, Athletic]",Gym / Leisure Centre,,TRUE,https://www.nuffieldhealth.com/gyms/cheam
Nuffield Health Chiswick,"Chiswick Park, London W4 5YA",Premium health club located within the Chiswick Park business hub. Features a 25m pool alongside a dedicated sauna and steam suite.,,1,1,[Finnish],"[Gym, Wellness, Private, Corporate]",Gym / Leisure Centre,,TRUE,https://www.nuffieldhealth.com/gyms/chiswick
Nuffield Health Ealing,"5th Floor, Ealing Broadway Centre, W5 5JY","Centrally located club on the top floor of the Broadway Centre. Verified 2026: Includes a 20m pool, sauna, and steam room.",,1,1,[Finnish],"[Gym, Wellness, Private, Athletic]",Gym / Leisure Centre,,TRUE,https://www.nuffieldhealth.com/gyms/ealing
Nuffield Health Fulham,"Stevenage Rd, London SW6 6PF",Riverside club adjacent to Craven Cottage. Features a popular health suite with a dry sauna and steam room (Jacuzzi currently in maintenance).,,1,1,[Finnish],"[Gym, Wellness, Private, Athletic]",Gym / Leisure Centre,,TRUE,https://www.nuffieldhealth.com/gyms/fulham
Nuffield Health Kingston,"Richmond Rd, Kingston, KT2 5EN","A large, well-equipped facility near Kingston station. Features a 25m pool, sauna, steam room, and specialized recovery zones.",,1,1,[Finnish],"[Gym, Wellness, Private, Athletic]",Gym / Leisure Centre,,TRUE,https://www.nuffieldhealth.com/gyms/kingston
Nuffield Health Romford,"4 The Brewery, Romford, RM1 1AU","Located within The Brewery complex. Verified 2026: Features a comprehensive health suite including a sauna, steam room, and a 25m swimming pool.",,1,1,[Finnish],"[Gym, Wellness, Private, Traditional]",Gym / Leisure Centre,,TRUE,https://www.nuffieldhealth.com/gyms/romford
Nuffield Health Ruislip,"Bury St, Ruislip, HA4 7TL",A premium fitness and wellbeing centre. Verified 2026: Offers a poolside thermal area with a dedicated sauna and steam room for member recovery.,,1,1,[Finnish],"[Gym, Wellness, Private, Traditional]",Gym / Leisure Centre,,TRUE,https://www.nuffieldhealth.com/gyms/ruislip
Oasis Sports Centre,"32 Endell St, London, WC2H 9AG","A unique central London ""Better"" facility. Features a famous outdoor heated pool and a dedicated outdoor poolside sauna cabin.",,1,0,[Finnish],"[Public, Leisure, Historic, Outdoor]",Gym / Leisure Centre,,TRUE,https://www.better.org.uk/leisure-centre/london/camden/oasis-sports-centre
ONE LDN (Fulham),"4 The Boulevard, Imperial Wharf, SW6 2BF",High-performance athletic club. Features a specialized recovery suite (Sauna & Plunge) with multiple saunas and custom ice baths.,,2,0,"[Finnish, Infrared]","[Athletic, Recovery Hub, Contrast-Focus, Boutique]",Recovery Hub,2 stainless steel ice baths,TRUE,https://www.oneldn.com/recovery
One Spa London,"The Circle, Queen Elizabeth St, London SE1 2JE",A boutique urban retreat located within The Circle Gym & Spa near Tower Bridge. Features a high-spec thermal suite including an infrared sauna.,,2,1,"[Finnish, Infrared]","[Boutique, Luxury, Wellness, Social]",Boutique Spa,,TRUE,https://www.onespalondon.co.uk/
Pancras Square Leisure,"5 Pancras Sq, London N1C 4AG","Modern community hub in King's Cross. Verified 2026: Features a poolside health suite with a sauna, steam room, and hydrotherapy ""Spa Pool.""",,1,1,[Finnish],"[Public, Leisure, Wellness]",Gym / Leisure Centre,,TRUE,https://www.better.org.uk/leisure-centre/london/camden/pancras-square
Park Road Leisure Centre,"Park Rd, London N8 8JN",Large Haringey facility with indoor and outdoor pools. Maintains a health suite with a dry sauna and steam room.,,1,1,[Finnish],"[Public, Leisure, Wellness]",Gym / Leisure Centre,,TRUE,https://haringey.gov.uk/leisure-parks-culture/leisure-centres/park-road-leisure-centre-lido
Peckham Pulse,"10 Melody Lane, London SE15 5SL","A ""Healthy Living Centre"" in Southwark. Features a dedicated poolside health suite with a sauna and steam room, plus a warm hydrotherapy pool.",,1,1,[Finnish],"[Public, Leisure, Wellness, Social]",Gym / Leisure Centre,,TRUE,https://southwarkleisure.co.uk/centres/peckham-pulse-leisure-centre/
Platinum Jubilee Leisure,"Rowlheys Place, West Drayton, UB7 7QH",Hillingdon's brand-new £37m flagship centre. Verified 2026: Features a modern health suite with a dedicated sauna and steam room located within the changing village.,,1,1,[Finnish],"[Public, Leisure, Wellness]",Gym / Leisure Centre,,TRUE,https://www.better.org.uk/leisure-centre/london/hillingdon/platinum-jubilee-leisure-centre
Porchester Spa,"Queensway, London W2 5HS","Iconic 1929 Turkish Baths. Verified 2026: Features a vast thermal circuit including graduated Turkish hot rooms (Tepidarium, Caldarium, Laconicum), 2 steam rooms, and a sauna.",,2,3,"[Finnish, Laconicum]","[Public, Historic, High-Heat, Traditional, Contrast-Focus]",Traditional Banya,1 tiled cold plunge pool,TRUE,https://everyonespa.com/our-venues/porchester-spa-westminster/
Putney Leisure Centre,"Dryburgh Rd, SW15 1BL","Managed by Places Leisure for Wandsworth Council. Verified 2026: Features a dedicated ""Health Suite"" with a sauna and steam room.",,1,1,[Finnish],"[Public, Leisure, Wellness]",Gym / Leisure Centre,,TRUE,https://www.placesleisure.org/centres/putney-leisure-centre/
Queen Mother Sports Centre,"223 Vauxhall Bridge Rd, SW1V 1EL",A flagship Everyone Active venue near Victoria. Verified 2026: Houses a spa suite with a sauna and steam room; offers specific Women Only sessions.,,1,1,[Finnish],"[Public, Leisure, Wellness]",Gym / Leisure Centre,,TRUE,https://www.everyoneactive.com/centre/queen-mother-sports-centre/
Rebase Marylebone,"1a St Vincent St, London W1U 4DA",A specialized recovery sanctuary. Verified 2026: Features both traditional Finnish saunas (85–95°C) and full-spectrum Infrared saunas (70–80°C).,,2,0,"[Finnish, Infrared]","[Boutique, Recovery Hub, Contrast-Focus, Wellness]",Recovery Hub,2 ice baths (3°C and 10°C),TRUE,https://www.rebaserecovery.com/
REGEN London,"6 Scarbrook Rd, Croydon CR0 1UH","Boutique training club in Croydon. Verified 2026: Features a ""Recovery Zone"" with a private Sunlighten infrared sauna included in membership.",,1,0,[Infrared],"[Boutique, Gym, Recovery Hub, Athletic]",Recovery Hub,,TRUE,https://www.regen-london.com/croydon-gym-memberships/
Remedi London,"1 Ace Way, Nine Elms, London SW11 7BF",Biohacking and holistic wellness clinic. Verified 2026: Focuses on advanced recovery including Infrared Saunas and Cryotherapy.,,1,0,[Infrared],"[Boutique, Wellness, Recovery Hub, Luxury]",Recovery Hub,,TRUE,https://www.remedilondon.com/service-page/infrared-sauna
Rena Health Club,"8-14 Cooper's Row, London EC3N 2BQ","Located within the Leonardo Royal London City. Features a subterranean wellness haven with a 25m pool, sauna, and aromatherapy steam room.",,1,1,[Finnish],"[Hotel Spa, Luxury, Wellness]",Hotel Spa,,TRUE,https://renaspa.co.uk/rena-london-city/facilities/
Rena Spa (Holborn),"10 Southampton Row, London WC1B 4AE",Situated in the NYX Hotel. Features a distinct 13m Greco-Roman style pool and a high-heat dry sauna.,,1,1,[Finnish],"[Hotel Spa, Luxury, Wellness, Boutique]",Hotel Spa,,TRUE,https://renaspa.co.uk/rena-london-holborn/facilities/
Reset Islington,"240 Upper St, London N1 1RU",2026 Flagship: A premier social sauna destination opened Jan 2026. Features one of London's largest charred oak saunas (105°C) and custom ice baths.,,1,0,[Finnish],"[Social, High-Heat, Contrast-Focus, Boutique, Luxury]",Social Sauna / Recovery Hub,8 stainless steel ice baths,TRUE,https://resetsauna.com/
Revitalise Urban Spa,"2 Maple Path, London E5 8FD",An independent wellness sanctuary in Hackney Downs. Verified 2026: Houses one large traditional sauna and two Clearlight infrared saunas.,,3,0,"[Finnish, Infrared]","[Boutique, Social, Contrast-Focus, Wellness, Recovery Hub]",Recovery Hub,3 custom copper ice baths,TRUE,https://www.revitaliseurbanspa.co.uk/
Reynolds Fitness Spa,"The Chapel, Chapel Walk, Bexley DA5 2DX",A luxury spa set within a beautifully restored 19th-century chapel. Features a herbal sauna and two distinct salt/aroma steam rooms.,,1,2,[Herbal],"[Luxury, Wellness, Boutique, Traditional]",Boutique Spa,,TRUE,https://www.reynoldsgroup.co.uk/fitness-spa/kent-spa/bexley/
Richmond HarSPA,"152-158 Richmond Hill, London TW10 6RP","Located within the Richmond Harbour Hotel. Offers a tranquil thermal suite with a Finnish sauna, steam room, and hydrotherapy pool.",,1,1,[Finnish],"[Luxury, Hotel Spa, Wellness]",Hotel Spa,,TRUE,https://www.harbourhotels.co.uk/our-hotels/london/harbour-hotel-richmond/harspa-club-richmond
Rooftop Saunas Hackney,"Netil Corner, 2 Bocking St, London E8 4RU","A ""social reset"" venue in Hackney. Verified 2026: Features multiple private timber cabins and communal cold plunges with views of the London skyline.",1,4,0,[Finnish],"[Boutique, Private, Social, Contrast-Focus]",Social Sauna,2 cold plunge pools,TRUE,https://rooftopsaunas.com/locations/hackney/
Rooftop Saunas Brixton,"International House, 6 Canterbury Crescent, London SW9 7QD",Updated Address: Set on the 11th floor with skyline views. Verified 2026: Features 4 private timber Finnish cabins and communal cold plunges.,1,4,0,[Finnish],"[Private, Social, Boutique, Contrast-Focus, Wellness]",Social Sauna,2 chilled (5-7°C) and 1 un-chilled cold plunge pool,TRUE,https://rooftopsaunas.com/locations/brixton/
S.Spa London,"Inside Wellbeing 95, 95 Streatham Hill, London SW2 4UD",A boutique sanctuary in Streatham Hill. Verified 2026: Offers specialized spa packages that include access to a private infrared sauna.,,1,0,[Infrared],"[Boutique, Private, Wellness]",Boutique Spa,,TRUE,https://www.sliquespa.net/
Sapphire Ice & Leisure,"24 Western Rd, Romford RM1 3JT",A flagship Everyone Active site. Features a 25m pool alongside a reliable health suite with a dry sauna and steam room.,,1,1,[Finnish],"[Public, Leisure, Athletic]",Gym / Leisure Centre,,TRUE,https://www.everyoneactive.com/centre/sapphire-ice-leisure/
Sauna & Plunge,"124 Tabernacle St, London EC2A 4SA",A premium Shoreditch recovery hub. Verified 2026: Features multiple saunas and a significant array of graduated ice plunge pools.,1,2,1,"[Finnish, Infrared]","[Social, Boutique, Contrast-Focus, Wellness]",Social Sauna / Recovery Hub,"6 ice plunge pools (graduated 3°C, 6°C, and 9°C)",TRUE,https://saunaandplunge.life/
Sauna Social Club,"Railway Arch, 842 Brayards Rd, London SE15 2AG","Peckham's dedicated ""Social Sauna"" under the arches. Features a ""Chatting"" sauna and a ""Silent"" sauna with high-fidelity sound.",1,2,0,[Finnish],"[Social, Boutique, Contrast-Focus, Wellness]",Social Sauna,4 ice baths,TRUE,https://www.saunasocialclub.co.uk/
Shoreditch House,"Ebor St, London E1 6AW",Exclusive Soho House members' club. Features a Cowshed spa and a 4th-floor gym with a recovery-focused infrared sauna.,,1,1,[Infrared],"[Luxury, Private, Boutique, Wellness]",Boutique Spa,,TRUE,https://www.sohohouse.com/houses/shoreditch-house/spa
Southbury Leisure Centre,"192 Southbury Rd, Enfield EN1 1YP","A high-traffic ""Better"" facility. Verified 2026: Features a dedicated health suite including a dry sauna and steam room.",,1,1,[Finnish],"[Public, Leisure, Wellness]",Gym / Leisure Centre,,TRUE,https://www.better.org.uk/leisure-centre/london/enfield/southbury-leisure-centre
Spa Experience (Better) - Waltham Forest,"170 Chingford Rd, London E17 5AA","Located in the Waltham Forest Feel Good Centre. Verified 2026: Features a thermal suite with a Finnish sauna, Aroma steam room, and Hammam benches.",,1,2,[Finnish],"[Public, Boutique, Wellness, Luxury]",Boutique Spa,,TRUE,https://www.spaexperience.org.uk/locations/waltham-forest
Spa Experience Kensington,"Bomore Rd, London W10 6UX",Situated in the Kensington Leisure Centre. Verified 2026: Offers a dual dry-heat setup with a traditional sauna and a recently added Infrared sauna.,,2,1,"[Finnish, Infrared]","[Public, Boutique, Wellness, Luxury]",Boutique Spa,,TRUE,https://www.spaexperience.org.uk/locations/kensington
Spirit Health Club (Sutton),"Gibson Rd, Sutton SM1 2RF","Located within the Holiday Inn Sutton. Features a comprehensive 2026 wellness offering including a sauna, steam room, and spa pool.",,1,1,[Finnish],"[Gym, Wellness, Hotel, Traditional]",Hotel Spa,,TRUE,https://www.spirithealthclubs.co.uk/clubs/sutton/
St. M's Thera Spa,"133 Saint Margarets Road, Twickenham TW1 1RG",A specialized recovery-focused sanctuary. Verified 2026: Features a dedicated private Infrared sauna suite alongside red light therapy beds.,,1,0,[Infrared],"[Boutique, Private, Wellness, Recovery Hub]",Recovery Hub,,TRUE,https://www.fresha.com/a/st-ms-thera-spa-twickenham-133-saint-margarets-road-d4u1qx9p
St. Pancras Spa,"Euston Rd, London NW1 2AR",Nestled in the Renaissance Hotel. Features a Victorian-inspired thermal suite with a traditional sauna and therapeutic steam room.,,1,1,[Finnish],"[Luxury, Hotel Spa, Wellness, Traditional]",Hotel Spa,,TRUE,https://www.marriott.com/en-gb/hotels/lonpk-st-pancras-london-autograph-collection/experiences/st-pancras-spa/
Stoke Newington Sauna,"Unit 5, Bonsoir House, 1-3 Victorian Grove, N16 8EN",2026 Flagship: A new high-spec social sauna and contrast therapy hub. Features a 12-person Finnish sauna and a 4-person Infrared sauna.,1,2,0,"[Finnish, Infrared]","[Social, Boutique, Contrast-Focus, High-Heat]",Social Sauna / Recovery Hub,2 cold plunge pools,TRUE,https://stokenewingtonsauna.com/
Streatham Ice & Leisure Centre,"390 Streatham High Rd, SW16 6HX",A major GLL flagship. Verified 2026: Features a large health suite with a high-heat sauna and steam room.,,1,1,[Finnish],"[Public, Leisure, Wellness, High-Heat]",Gym / Leisure Centre,,TRUE,https://www.better.org.uk/leisure-centre/london/lambeth/streatham-ice-and-leisure-centre
Sunbury Leisure Centre,"Nursery Rd, Sunbury-on-Thames TW16 6L",Managed by Everyone Active. Verified 2026: Features a dedicated health suite including a sauna and steam room.,,1,1,[Finnish],"[Public, Leisure, Wellness]",Gym / Leisure Centre,,TRUE,https://www.everyoneactive.com/centre/sunbury-leisure-centre/
Synergy Recovery Lab,"1-2 Adeline Pl, London WC1B 3AJ",A high-performance biohacking and recovery hub. Verified 2026: Features a private Infrared sauna suite and cold-air cryotherapy.,,1,0,[Infrared],"[Boutique, Recovery Hub, Wellness, Tech]",Recovery Hub,,TRUE,https://synergy-recovery-lab.com/
Sweheat Sauna,"Western Beach, 1 Dock Rd, London E16 1AH","2026 Flagship: A premier outdoor wood-fired sauna on the water's edge. Features a large 12-person ""Event"" sauna and a 6-person private cabin.",1,2,0,"[Wood-fired, Finnish]","[Social, Boutique, Traditional, Contrast-Focus, Outdoor]",Social Sauna,1 outdoor cold plunge pool,TRUE,https://www.sweheatsauna.co.uk/
Swiss Cottage Leisure,"Adelaide Rd, London NW3 3NF","A landmark GLL facility. Houses an on-site ""Spa Experience"" featuring a traditional thermal suite with multiple heat rooms and a hydro-pool.",,1,2,[Finnish],"[Public, Leisure, Wellness, Luxury]",Gym / Leisure Centre,,TRUE,https://www.better.org.uk/leisure-centre/london/camden/swiss-cottage-leisure-centre
TaiTam-D Massage & Beauty,"72-74 Caledonian Rd, London N1 9DN",Address Corrected: Boutique Thai massage and beauty clinic near King's Cross. Verified 2026: Features a private Infrared sauna cabin for therapeutic recovery and detoxification.,,1,0,[Infrared],"[Boutique, Private, Wellness]",Wellness Centre,,TRUE,https://taitam-d-massage-beauty.mytreatwell.co.uk/
TEMZ Floating Saunas,"The Lensbury Resort, Broom Rd, TW11 9NU",2026 Flagship: A Scandinavian wood-fired floating sauna moored on the Thames. Focuses on nature immersion and contrast therapy with ice baths.,1,1,0,"[Finnish, Wood-fired]","[Social, Boutique, Contrast-Focus, Outdoor]",Social Sauna,1 ice bath,TRUE,https://www.temzfloatingsaunas.com/
Thai Square Spa,"25 Northumberland Ave, London WC2N 5AP","Award-winning luxury day spa in a former Victorian bathhouse. Features a ""Sen Space"" journey with a high-heat sauna and aromatherapy steam room.",,1,1,[Finnish],"[Luxury, Boutique, Wellness, Traditional]",Boutique Spa,,TRUE,https://thaisquarespa.com/
The Abbey Spa,"Bobby Moore Way, Barking IG11 7HW",The luxury thermal wing of the Abbey Leisure Centre. Features a high-spec circuit including a rock sauna and two distinct themed steam rooms.,,1,2,[Rock],"[Public, Boutique, Wellness, Affordable]",Boutique Spa,,TRUE,https://www.everyoneactive.com/centre/abbey-leisure-centre/the-abbey-spa/
The Basement Gym,"12-13 Kentish Town Rd, London NW1 8NH","An independent premium training facility. Verified 2026: Features a ""Recovery Lounge"" available to premium members with a sauna and steam room.",,1,1,[Finnish],"[Gym, Athletic, Boutique, Wellness]",Gym / Leisure Centre,,TRUE,https://www.thebasementldn.com/kentishtown
The Bath House,"1 Grosvenor Gardens, London SW1W 0BD","A premier authentic Banya in Belgravia. Features both Public and Private Banya suites, each equipped with traditional wood-fired heat and cold plunges.",1,2,0,[Banya],"[Traditional, Social, High-Heat, Contrast-Focus, Boutique]",Traditional Banya,2 tiled cold plunge pools,TRUE,https://banyalondon.co.uk/
The Castle Centre,"2 St Gabriel Walk, London SE1 6FG",A major Southwark Council facility in Elephant & Castle. Verified 2026: Features a modern health suite with a sauna and multiple steam rooms.,,1,1+,[Finnish],"[Public, Leisure, Wellness, Athletic]",Gym / Leisure Centre,,TRUE,https://southwarkleisure.co.uk/centres/the-castle-centre/
The Eltham Centre,"2 Archery Rd, London SE9 1HA","A major community hub managed by Better (GLL). Verified 2026: Features a brand-new thermal suite with a dedicated sauna, steam room, and hydro pool.",,1,1,[Finnish],"[Public, Leisure, Wellness]",Gym / Leisure Centre,,TRUE,https://www.better.org.uk/leisure-centre/london/greenwich/eltham-centre
The F.I.T Partnership,"21 Worple Rd, London SW19 4JS",A specialized biohacking and recovery hub. Verified 2026: Features both a high-heat Finnish sauna and a private Infrared sauna suite.,,2,0,"[Finnish, Infrared]","[Boutique, Recovery Hub, Wellness, Contrast-Focus, Private]",Recovery Hub,1 ice bath,TRUE,https://www.thefitpartnership.co.uk/
The Hurlingham Club,"Ranelagh Gardens, London SW6 3PR",An exclusive private members' club. Verified 2026: The Fitness Centre maintains a luxury thermal suite featuring a traditional sauna and steam room for member use.,,1,1,[Finnish],"[Private, Luxury, Athletic, Traditional]",Private Members' Club,,TRUE,https://hurlinghamclub.org.uk/
The Laboratory Spa,"1a Hall Lane, Mill Hill, NW4 4TJ","A premier independent health club near Mill Hill East station. Verified 2026: Features a luxurious 20m subterranean pool, traditional sauna, and steam room.",,1,1,[Finnish],"[Luxury, Private, Wellness, Traditional]",Boutique Spa,,TRUE,https://labspa.co.uk/mill-hill/
The Other Space,"15-17 Harrington Gardens, London SW7 4JJ","The wellness hub within 'The Other House' South Kensington. Features a high-spec thermal suite with a vitality pool, sauna, and steam room.",,1,1,[Finnish],"[Boutique, Luxury, Wellness, Social]",Boutique Spa,,TRUE,https://otherhouse.com/south-kensington/wellness/
The Private Spa,"3 Copper Street, London E20 3AW","Address Updated: A luxury private-hire spa concept. Verified 2026: Features an exclusive suite with a Finnish sauna, Onyx steam room, and a heated lounge pool.",,1,1,[Finnish],"[Boutique, Private, Wellness, Luxury]",Boutique Spa,,TRUE,https://www.theprivatespa.uk/
The Rembrandt Hotel Spa,"11 Thurloe Pl, London SW7 2RS",Known as Aquilla Health and Fitness. Verified 2026: A classic hotel health club featuring separate male and female saunas and steam rooms.,,2,2,[Finnish],"[Hotel Spa, Luxury, Traditional]",Hotel Spa,,TRUE,https://www.sarova-rembrandthotel.com/aquilla-health/
The Spa at Beckenham,"242 Croydon Rd, Beckenham BR3 4BE","A flagship Mytime Active leisure centre. Verified 2026: Features a dedicated health suite including a dry sauna and a ""steam vitality"" room.",,1,1,[Finnish],"[Public, Leisure, Wellness, Athletic]",Gym / Leisure Centre,,TRUE,https://www.mytimeactive.com/locations/the-spa-at-beckenham
The Three Elements,"535 Old York Rd, Wandsworth Town, London, SW18 1TG",A boutique detox and wellness sanctuary specializing in colonic hydrotherapy and traditional Finnish sauna rituals.,,1,1,[Finnish],"[Boutique, Private, Wellness, Traditional, Luxury]",Boutique Spa,,TRUE,https://thethreeelements.co.uk/traditional-finnish-sauna/
Third Space Recovery Spa,"Level 2, 16-19 Canada Square, London E14 5ER","A high-tech longevity and recovery wing within the Canary Wharf flagship. Provides access to the main club's ""volcano"" sauna and steam suite.",,1,1,[Finnish],"[Luxury, Wellness, Recovery Hub, High-Heat, Contrast-Focus]",Recovery Hub,,TRUE,https://www.thirdspace.london/recovery-spa/
Third Space Richmond,"4 Golden Ct, Richmond, London TW9 1EU","2026 Update: A luxury 2,500sqm health club featuring a high-specification ""Finnish Loyly"" sauna, a menthol-infused steam room, and a hydrotherapy pool.",,1,1,[Finnish],"[Luxury, Athletic, Wellness, High-Heat]",Gym / Leisure Centre,,TRUE,https://www.thirdspace.london/richmond/
Thornton Heath Leisure Centre,"100 High St, Thornton Heath, Croydon, CR7 8LF",A Better-managed community facility. Verified 2026: Features a dedicated poolside health suite with a high-heat sauna and steam room.,,1,1,[Finnish],"[Public, Leisure, Wellness]",Gym / Leisure Centre,,TRUE,https://www.better.org.uk/leisure-centre/london/croydon/thornton-heath-leisure-centre
Tottenham Green Pools,"1 Philip Lane, London N15 4JA",Landmark Haringey leisure centre. Verified 2026: Features a dedicated health suite with a high-heat sauna and steam room available for bookable 1-hour sessions.,,1,1,[Finnish],"[Public, Leisure, Wellness]",Gym / Leisure Centre,,TRUE,https://haringey.gov.uk/leisure-parks-culture/leisure-centres/tottenham-green-leisure-centre
Urban Heat,"347 Camberwell Station Road, London SE5 9JN",2026 Update: A new social wellness space in Camberwell. Features a 15-seater Finnish-style electric sauna and a dedicated outdoor cold immersion zone.,,1,0,[Finnish],"[Social, Boutique, Contrast-Focus, Wellness]",Social Sauna,2 outdoor ice baths,TRUE,https://www.urbanheatwellness.com/
Vale Farm Sports Centre,"Watford Rd, North Wembley, HA0 3HG",An Everyone Active flagship site. Verified 2026: Offers a full health suite including a traditional dry sauna and steam room for member and guest recovery.,,1,1,[Finnish],"[Public, Leisure, Wellness, Athletic]",Gym / Leisure Centre,,TRUE,https://www.everyoneactive.com/centre/vale-farm-sports-centre/
Vauxhall Leisure Centre,"50 S Lambeth Rd, London SW8 1DY",A modern GLL-managed facility. Verified 2026: Features a dedicated poolside health suite with a high-heat sauna and steam room.,,1,1,[Finnish],"[Public, Leisure, Wellness]",Gym / Leisure Centre,,TRUE,https://www.better.org.uk/leisure-centre/london/lambeth/vauxhall-leisure-centre
Virgin Active Angel,"333 Goswell Rd, Islington, London EC1V 7DG",Large flagship club. Verified 2026: Features a comprehensive thermal spa area with separate male and female saunas and steam rooms.,,2,2,[Finnish],"[Luxury, Athletic, Traditional, Wellness]",Gym / Leisure Centre,,TRUE,https://www.virginactive.co.uk/clubs/islington-angel
Virgin Active Bromley,"139 Bromley Common, Bromley BR2 9RJ","Premium family-focused health club. Verified 2026: Offers a full spa suite with a sauna, steam room, and hydrotherapy pool.",,1,1,[Finnish],"[Luxury, Wellness, Athletic, Social]",Gym / Leisure Centre,,TRUE,https://www.virginactive.co.uk/clubs/bromley
Vyzion Fitness,"5 Brooks Parade, Green Ln, Ilford IG3 9RT","A premier women-only health club. Verified 2026: Features a dedicated ""Recovery Zone"" including a sauna and a unique flotation therapy tank.",,1,0,[Finnish],"[Boutique, Athletic, Private, Wellness]",Gym / Leisure Centre,,TRUE,https://vyzion.co.uk/
Waltham Forest Feel Good Centre,"170 Chingford Rd, London E17 5AA","A premier GLL flagship. Houses an extensive ""Spa Experience"" wing featuring a hydrotherapy pool, salt sauna, and aroma steam rooms.",,2,2,"[Finnish, Salt]","[Public, Boutique, Wellness, Luxury]",Gym / Leisure Centre,,TRUE,https://www.better.org.uk/leisure-centre/london/waltham-forest/waltham-forest-feel-good-centre
West Wickham Leisure Centre,"Station Rd, West Wickham BR4 0PX",A Mytime Active community facility. Verified 2026: Features a dedicated poolside health suite with a traditional sauna and steam room.,,1,1,[Finnish],"[Public, Leisure, Wellness]",Gym / Leisure Centre,,TRUE,https://www.mytimeactive.com/locations/west-wickham-leisure-centre
Willesden Sports Centre,"Donnington Rd, London NW10 3QX",Brent's flagship athletic hub managed by Everyone Active. Features a full thermal suite alongside its Olympic-standard track and pool.,,1,1,[Finnish],"[Public, Leisure, Wellness, Athletic]",Gym / Leisure Centre,,TRUE,https://www.everyoneactive.com/centre/willesden-sports-centre/
Wimbledon Leisure Centre & Spa,"Latimer Rd, Wimbledon, SW19 1EW","A historic 1901 venue featuring a flagship ""Spa Experience."" Verified 2026: Offers a vast thermal circuit including a traditional sauna, ice fountain, and multiple steam chambers.",,1,2,[Finnish],"[Public, Boutique, Wellness, Historic, Luxury]",Boutique Spa,,TRUE,https://www.spaexperience.org.uk/locations/wimbledon
Windsor Leisure Centre,"Stovell Rd, Windsor SL4 1CH","While slightly outside the M25, it serves the West London corridor. Verified 2026: Features a dedicated health suite with a sauna and steam room (Aroma).",,1,1,[Finnish],"[Public, Leisure, Wellness]",Gym / Leisure Centre,,TRUE,https://www.leisurefocus.org.uk/our-centres/windsor-leisure-centre/
Wycombe Leisure Centre,"Handy Cross, High Wycombe HP11 1UP","Zero Rule Applied (Out of Region): While a major regional hub, it is outside the Greater London scope. Verified 2026: Features a large thermal suite with sauna and steam rooms.",,1,1,[Finnish],"[Public, Leisure, Wellness]",Gym / Leisure Centre,,TRUE,https://www.everyoneactive.com/centre/wycombe-leisure-centre/
7 Days Spa,"16-18 Great Russell St, London WC1B 3NN",A boutique day spa located within the YMCA Club building. Verified 2026: Features a high-heat dry sauna and access to the YMCA's 25m pool.,,1,0,[Finnish],"[Boutique, Wellness, Traditional]",Boutique Spa,,TRUE,https://www.7daysspa.co.uk/
98 Gym,"1-5 Glasshouse Yard, London EC1A 4JN",A high-performance athletic facility. Verified 2026: Features a dedicated recovery zone including a high-heat sauna and cold plunge tanks.,,1,0,[Finnish],"[Athletic, Recovery Hub, Contrast-Focus, Boutique]",Recovery Hub,2 stainless steel ice baths,TRUE,https://98gym.com/london/
1Rebel (Holborn - Reset),"Unit 4, The Post Building, Museum St, WC1A 1PB","The flagship ""Reset"" location. Verified 2026: Features a dedicated contrast therapy suite with mood-lit infrared saunas and cold plunge tubs.",,1,0,[Infrared],"[Boutique, Recovery Hub, Contrast-Focus, High-Heat, Wellness]",Recovery Hub,"2 cold plunge ""cauldrons""",TRUE,https://www.1rebel.com/en-gb/reset
Adamo Spa,"Blue Orchid Tower Suites, 100 Minories, EC3N 1JY",A tranquil haven in the City. Verified 2026: Features a boutique thermal suite with a Finnish sauna and a steam room alongside its treatment menu.,,1,1,[Finnish],"[Boutique, Wellness, Hotel Spa]",Boutique Spa,,TRUE,https://www.adamospa.com/
Akasha Holistic Wellbeing,"68 Regent St, Piccadilly, London W1B 4DY","Located in Hotel Café Royal. Verified 2026: Features a 18m lap pool, a large Finnish sauna, a steam room, a Hammam, and a Watsu pool.",,1,1,[Finnish],"[Luxury, Hotel Spa, Wellness, Traditional]",Hotel Spa,,TRUE,https://www.hotelcaferoyal.com/wellness/
Antara Spa,"Chelsea Health Club, Stamford Bridge, SW6 1HS","Located within the grounds of Chelsea FC. Verified 2026: Offers a high-end thermal suite with a dedicated sauna, steam room, and cold plunge.",,1,1,[Finnish],"[Luxury, Athletic, Wellness, Contrast-Focus]",Gym / Leisure Centre,1 tiled cold plunge pool,TRUE,https://chelseahealthclub.com/spa/
Aquilla Health and Fitness Club,"11 Thurloe Place, London SW7 2RS",A private health club adjacent to the Rembrandt Hotel. Verified 2026: Features a 15m pool with dedicated male and female saunas and steam rooms.,,2,2,[Finnish],"[Hotel Spa, Luxury, Traditional]",Hotel Spa,,TRUE,https://www.sarova-rembrandthotel.com/aquilla-health/
Archway Leisure Centre,"MacDonald Rd, London N19 5DD","Managed by Better (GLL) for Islington. Verified 2026: Features a dedicated health suite including a dry sauna and steam room, distinct from the leisure pool area.",,1,1,[Finnish],"[Public, Leisure, Wellness]",Gym / Leisure Centre,,TRUE,https://www.better.org.uk/leisure-centre/london/islington/archway
Aura Organics Spa,"Unit 11/12, Canalside at Here East, E15 2GW",Nestled in Hackney Wick. Verified 2026: A private-use boutique spa featuring a multi-sensory circuit with an infrared sauna and an aromatic herbal steam room.,,1,1,[Infrared],"[Boutique, Wellness, Private, Traditional]",Boutique Spa,,TRUE,https://www.auraorganicsspa.com/
Axis Wellness,"The Circle, Queen Elizabeth St, SE1 2JE","Also known as ""The Circle Gym & Spa"" near Tower Bridge. Verified 2026: Features a dedicated spa area with a 17m pool, a traditional sauna, and a steam room.",,1,1,[Finnish],"[Boutique, Wellness, Luxury, Traditional]",Boutique Spa,,TRUE,https://www.thecirclegymandspa.co.uk/
Balham Leisure Centre,"Elmfield Rd, Balham, London SW17 8AN",Managed by Places Leisure for Wandsworth. Verified 2026: Features a tranquil health suite with a dry sauna and steam room located within the pool area.,,1,1,[Finnish],"[Public, Leisure, Wellness]",Gym / Leisure Centre,,TRUE,https://www.placesleisure.org/centres/balham-leisure-centre/
Ballymore (Embassy Gardens),"3 Nine Elms Ln, London SW11 7AY","2026 Flagship: The ""Eg:le Club"" wellness centre. Features a high-spec thermal floor with a Finnish sauna, steam room, and a dedicated cold plunge in ""The Retreat.""",,1,1,[Finnish],"[Luxury, Private, Wellness, Contrast-Focus]",Recovery Hub,1 cold plunge pool,TRUE,https://www.ballymoregroup.com/project/detail/embassy-gardens
Barking Abbey Leisure Centre,"Bobby Moore Way, Barking IG11 7HW",A major community hub managed by Everyone Active. Verified 2026: Features a dedicated thermal suite with a large sauna and steam room (separate from the Abbey Spa wing).,,1,1,[Finnish],"[Public, Leisure, Wellness]",Gym / Leisure Centre,,TRUE,https://www.everyoneactive.com/centre/abbey-leisure-centre/
Beaufort Gardens (The Beaufort),"33 Beaufort Gardens, London SW3 1PW","A luxury boutique hotel in Knightsbridge. Verified 2026: Features a private-use wellness room for guests, including a high-spec Finnish sauna.",,1,0,[Finnish],"[Luxury, Hotel, Private, Wellness]",Hotel,,TRUE,https://www.thebeaufort.com/
Beis Body,"47-49 Lonsdale Rd, London NW6 6RA","A boutique Pilates and movement studio in Queen's Park. Verified 2026: Features a dedicated ""Recovery Pod"" available for private hire, containing an infrared sauna.",,1,0,[Infrared],"[Boutique, Wellness, Private, Recovery Hub]",Recovery Hub,,TRUE,https://www.beisbody.com/
Berkeley Health Club & Spa,"Wilton Pl, Knightsbridge, London SW1X 7RL",A world-renowned rooftop spa at The Berkeley. Features a stunning open-air pool and a high-spec thermal suite including a sauna and steam room.,,1,1,[Finnish],"[Luxury, Hotel Spa, Wellness, Traditional, Outdoor]",Hotel Spa,,TRUE,https://www.the-berkeley.co.uk/spa/
Bermondsey Wellness,"120 Drummond Rd, London SE16 4DG","Address Corrected: Part of the ""Bermondsey Hub"" facilities. Verified 2026: A high-performance recovery area featuring a Finnish sauna and specialized sports massage units.",,1,0,[Finnish],"[Athletic, Recovery Hub, Wellness, High-Heat]",Recovery Hub,,TRUE,https://www.bermondseyhub.co.uk/
Blue Harbour Club (Harbour Club Chelsea),"Waterberry Drive, London SW6 2RR","2026 Flagship: Often confused with the hotel spa, this elite club features a ""Spa Retreat"" with a large Finnish sauna, an aromatherapy room, and a salt steam room.",,1,2,"[Finnish, Salt]","[Luxury, Private, Wellness, Athletic]",Gym / Leisure Centre,,TRUE,https://www.harbourclub.com/clubs/chelsea/club-facilities/spa-and-wellbeing/
BodyWorksWest,"11 Lambton Pl, Notting Hill, London W11 2SH",A boutique members' club. Verified 2026: Features a luxury 18m pool and a comprehensive thermal suite including a sauna and a steam room.,,1,1,[Finnish],"[Luxury, Private, Wellness, Traditional]",Gym / Leisure Centre,,TRUE,https://bodyworkswest.co.uk/
Bulgari Spa London,"171 Knightsbridge, London SW7 1DW","2026 Flagship: One of London's most expansive luxury spas. Features a 25m pool, a gold-leaf vitality pool, and a thermal suite with a high-heat sauna and steam room.",,1,1,[Finnish],"[Luxury, Hotel Spa, Wellness, Traditional]",Hotel Spa,1 ice fountain,TRUE,https://www.bulgarihotels.com/en_US/london/the-spa/the-spa-at-bulgari-hotel-london
Isleworth Leisure Centre,"Twickenham Rd, Isleworth TW7 7EU","Managed by Lampton Leisure. Verified 2026: Features a dedicated ""Wellness and Health Suite"" with a mixed-gender traditional sauna, steam room, and Jacuzzi.",,1,1,[Finnish],"[Public, Leisure, Wellness]",Gym / Leisure Centre,,TRUE,https://www.lamptonleisure.co.uk/our-centres/isleworth-leisure-centre/
Jumairah Spa,"241 Edgware Rd, Colindale, London NW9 6LU",A private women-only boutique spa. Verified 2026: Offers authentic spa day packages featuring a traditional sauna and an infrared sauna suite for detoxification.,,2,0,"[Finnish, Infrared]","[Boutique, Private, Wellness, Women-Only]",Boutique Spa,,TRUE,https://www.treatwell.co.uk/place/jumairah-spa/
LondonCryo (City),"20 Artillery Lane, London E1 7LS",A premier City recovery and longevity hub. Verified 2026: Houses a private Infrared sauna cabin alongside whole-body cryotherapy and red light therapy.,,1,0,[Infrared],"[Boutique, Recovery Hub, Wellness, Tech]",Recovery Hub,,TRUE,https://www.londoncryo.com/city-of-london
Islington Tennis Centre,"Market Road, London N7 9PL","Managed by Better (GLL). Verified 2026: In addition to extensive tennis facilities, it houses a health suite containing a traditional sauna and steam room.",,1,1,[Finnish],"[Public, Leisure, Wellness, Athletic]",Gym / Leisure Centre,,TRUE,https://www.better.org.uk/leisure-centre/london/islington/islingtontc
Latchmere Leisure Centre,"Burns Rd, Battersea, London SW11 5AD",A major Wandsworth hub managed by Places Leisure. Verified 2026: Features a dedicated poolside health suite with a traditional sauna and steam room.,,1,1,[Finnish],"[Public, Leisure, Wellness]",Gym / Leisure Centre,,TRUE,https://www.placesleisure.org/centres/latchmere-leisure-centre/
LAYANA Muswell Hill,"224 Muswell Hill Broadway, London N10 3EE",A boutique wellness and aesthetic clinic. Verified 2026: Features a private-hire infrared sauna suite designed for detoxification and post-treatment recovery.,,1,0,[Infrared],"[Boutique, Private, Wellness]",Wellness Centre,,TRUE,https://layana.london/
Leytonstone Leisure Centre,"Cathall Rd, Leytonstone, London E11 4LF",Managed by Better (GLL). Verified 2026: Features a large 25m pool and a classic health suite with a sauna and steam room.,,1,1,[Finnish],"[Public, Leisure, Wellness]",Gym / Leisure Centre,,TRUE,https://www.better.org.uk/leisure-centre/london/waltham-forest/leytonstone-leisure-centre
LivingWell Wembley,"Lakeside Way, Wembley, London HA9 0BU","Located inside the Hilton London Wembley. Verified 2026: Features a 12m indoor pool, a traditional sauna, and a steam room.",,1,1,[Finnish],"[Hotel Spa, Wellness, Athletic]",Gym / Leisure Centre,,TRUE,https://www.livingwell.com/clubs/london-wembley/
LondonCryo (NW8),"105 St John's Wood Terrace, London NW8 6PL",A premium recovery hub in St John's Wood. Verified 2026: Features private Infrared sauna cabins for detoxification and chronic pain management.,,1,0,[Infrared],"[Boutique, Recovery Hub, Wellness, Tech]",Recovery Hub,,TRUE,https://www.londoncryo.com/st-johns-wood
Lowlu Sauna & Plunge,"160 Blackhorse Lane, London E17 5QJ",2026 Flagship: A premier wood-fired social sauna in Walthamstow. Designed for community wellness and contrast therapy.,1,1,0,"[Finnish, Wood-fired]","[Social, Boutique, Traditional, Contrast-Focus, Outdoor]",Social Sauna,2 cold plunge tubs,TRUE,https://www.lowlu.com/
Jubilee Hall (Covent Garden),"30 The Piazza, Covent Garden, WC2E 8BE",A historic gym located in the Grade II listed Jubilee Market building. Verified 2026: Maintains traditional saunas within the male and female changing areas.,,2,0,[Finnish],"[Public, Athletic, Historic, Traditional]",Gym / Leisure Centre,,TRUE,https://www.jubileehalltrust.org/jubilee-hall/
New Barnet Leisure Centre,"Lawton Rd, Barnet EN4 9AH",A modern Better-managed facility. Verified 2026: Houses a poolside health suite containing a traditional sauna and steam room for member recovery.,,1,1,[Finnish],"[Public, Leisure, Wellness]",Gym / Leisure Centre,,TRUE,https://www.better.org.uk/leisure-centre/london/barnet/new-barnet-leisure-centre
New Chiswick Pool,"4 Edensor Rd, Chiswick, London W4 2RG",Managed by Lampton Leisure. Verified 2026: A community hub featuring a 25m pool and a classic health suite with a traditional sauna and steam room.,,1,1,[Finnish],"[Public, Leisure, Wellness]",Gym / Leisure Centre,,TRUE,https://www.lamptonleisure.co.uk/our-centres/new-chiswick-pool/
New Docklands Steam Baths,"30a Stephenson St, Canning Town, E16 4SA",2026 Flagship: A legendary traditional bathhouse. Verified 2026: Features an authentic cedarwood sauna and a unique circuit of four steam rooms at varying temperatures.,,1,4,"[Finnish, Banya]","[Traditional, Public, Social, Wellness, Contrast-Focus]",Traditional Banya,1 refrigerated cold plunge pool,TRUE,https://newdocklands.uk/
Nuffield Health (Purley Way),"619 Purley Way, Colonnades, Croydon CR0 4RJ","A large-scale fitness and wellbeing gym. Verified 2026: Features a dedicated wet area with a swimming pool, a traditional sauna, and a steam room.",,1,1,[Finnish],"[Luxury, Athletic, Wellness]",Gym / Leisure Centre,,TRUE,https://www.nuffieldhealth.com/gyms/croydon
Nuffield Health (Southside),"Southside Shopping Centre, Wandsworth, SW18 4TQ","Located within the Wandsworth Southside complex. Verified 2026: Features a high-spec thermal suite with a sauna, steam room, and a large spa pool.",,1,1,[Finnish],"[Luxury, Athletic, Wellness]",Gym / Leisure Centre,,TRUE,https://www.nuffieldhealth.com/gyms/wandsworth-southside
Nuffield Health (Willesden),"Sidmouth Road, Willesden, London NW2 5JY","Officially known as the Brondesbury Park club. Verified 2026: Features a dedicated wet-area including a swimming pool, a traditional sauna, and a steam room.",,1,1,[Finnish],"[Luxury, Athletic, Wellness, Traditional]",Gym / Leisure Centre,,TRUE,https://www.nuffieldhealth.com/gyms/brondesbury-park
Nuffield Health City,"4 Cousin Lane, London EC4R 3XJ","2026 Flagship: The primary ""Central"" hub for Nuffield. Features a high-spec spa area with separate male/female saunas and a communal steam room.",,2,1,[Finnish],"[Luxury, Athletic, Wellness, Traditional]",Gym / Leisure Centre,,TRUE,https://www.nuffieldhealth.com/gyms/city
Studio Figura Ealing,"170 South Ealing Rd, London W5 4QL",A specialized body-shaping and wellness clinic. Verified Jan 2026: Features a state-of-the-art Infrared Sauna cabin available for private 30-40 minute sessions.,,1,0,[Infrared],"[Boutique, Wellness, Tech]",Wellness Centre,,TRUE,https://studiofiguraealing.com/infrared-sauna/
Surbiton Racquets & Fitness Club,"Berrylands, Surbiton KT5 8JT",A historic private members' sports club. Verified Jan 2026: Features traditional dry saunas within the changing room areas. Note: This site does not have a swimming pool or steam room.,,2,0,[Finnish],"[Private, Athletic, Traditional, Historic]",Gym / Leisure Centre,,TRUE,https://www.surbiton.org/
Sweatbox Soho,"Ramillies House, 1-2 Ramillies St, W1F 7LN","2026 Verification: A massive 24/7 gay sauna and gym hub. Features a unique multi-level thermal experience including an infrared sauna and a ""steam maze.""",,1,3,[Infrared],"[Private, Social, Boutique, Tech, Traditional]",Gym / Leisure Centre,,TRUE,https://www.sweatboxsoho.com/
SweatLounge Chiswick,"48 Chiswick High Rd, London W4 1SZ",2026 Flagship: A specialized boutique biohacking studio. Verified 2026: Features multiple solo infrared pods and premier IR cabins. No traditional steam rooms are on-site.,,5,0,[Infrared],"[Boutique, Wellness, Tech]",Wellness Centre,,TRUE,https://sweatlounge.co.uk/
Waking Dreams,"1 Birkbeck St, Bethnal Green, E2 6JY","Verified 2026: A progressive movement playground. Features a dedicated ""Sauna & Plunge"" zone with two high-heat Finnish saunas and a contrast recovery area.",,2,0,[Finnish],"[Boutique, Wellness, Social, Contrast-Focus]",Wellness Centre,3 cold plunge tanks,TRUE,https://www.wakingdreams.co/
Warren House Hotel,"Warren Rd, Kingston upon Thames, KT2 7HY","A Victorian Grade II listed hotel. Verified 2026: Features an indoor leisure pool with a small, private traditional sauna. No steam room is on-site.",,1,0,[Finnish],"[Hotel, Luxury, Historic, Traditional]",Hotel,,TRUE,https://www.warrenhouse.com/
Wavelengths Leisure Centre,"Griffin St, Deptford, London SE8 4RJ",Managed by Better (GLL). Verified 2026: Features a dedicated poolside health suite with a traditional sauna and steam room.,,1,1,[Finnish],"[Public, Leisure, Wellness]",Gym / Leisure Centre,,TRUE,https://www.better.org.uk/leisure-centre/london/lewisham/wavelengths-leisure-centre
WellNest,"18-20 St Thomas St, London SE1 9RS",2026 Flagship: A premium hub in London Bridge. Features two Nordic-style dry saunas and a dedicated contrast therapy zone.,,2,0,[Finnish],"[Boutique, Wellness, Tech, Contrast-Focus]",Wellness Centre,2 cold plunge pools,TRUE,https://www.wellnest.london/
Wembley Leisure Centre,"Grand Felda House, Empire Way, HA9 0EF",Managed by Better (GLL). Verified Jan 2026: A modern facility containing a 25m pool and a health suite with a sauna and steam room.,,1,1,[Finnish],"[Public, Leisure, Wellness]",Gym / Leisure Centre,,TRUE,https://www.better.org.uk/leisure-centre/london/wembley/wembley-leisure-centre
Finnish Church in London,"33 Albion St, London SE16 7JG","2026 Verification: The most authentic ""Löyly"" experience in London. Features a traditional wood-paneled sauna in the church basement.",1,1,0,[Finnish],"[Traditional, Social, Boutique, Historic]",Wellness Centre,,TRUE,https://britannia.merimieskirkko.fi/en/services/sauna/
Woolwich Waves,"1 Basson St, Woolwich, SE18 6FE","Officially the Waterfront Leisure Centre. Verified Jan 2026: Managed by Better. Features a dedicated ""Health Suite"" with a traditional sauna and steam room.",,1,1,[Finnish],"[Public, Leisure, Wellness]",Gym / Leisure Centre,,TRUE,https://www.better.org.uk/leisure-centre/london/greenwich/waterfront-leisure-centre
Yard Sauna,"1-3 Brixton Station Rd, London SW9 8PA","2026 Flagship: A rustic, community wood-fired sauna. Verified Jan 2026: Features two outdoor wood-fired saunas and a contrast zone with cold plunge tubs.",1,2,0,"[Finnish, Wood-fired]","[Social, Boutique, Traditional, Contrast-Focus, Outdoor]",Social Sauna,2 cold plunge tubs,TRUE,https://www.yard-sauna.com/
York Hall Spa (Be Well),"5 Old Ford Rd, Bethnal Green, E2 9PJ",2026 Major Renovation: One of London's last remaining Victorian Turkish Baths. Features two traditional Finnish saunas and multiple steam/Turkish hot rooms.,,2,3,"[Finnish, Turkish]","[Historic, Public, Traditional, Wellness]",Traditional Banya,1 cold plunge pool,TRUE,https://be-well.org.uk/spa/
The Cabin Sauna,"Clapham Common (Children's Water Park), SW4 0QZ",2026 Verification: A premier mobile social sauna hub. Features two handcrafted wood-fired cabins and a high-spec contrast therapy circuit. Operational seasonally (Oct–May).,1,2,0,"[Finnish, Wood-fired]","[Social, Boutique, Traditional, Contrast-Focus, Outdoor]",Social Sauna,"4 cold plunge tubs (2 indiv, 2 comm)",TRUE,https://thecabinsauna.co.uk/
1Rebel (High Street Kensington),"45 Phillimore Walk, London W8 7RZ","""Reset"" Concept: A dedicated, state-of-the-art recovery suite. Features a private Infrared sauna cabin and signature ""Brass Monkey"" cold plunge cauldrons.",,1,0,[Infrared],"[Boutique, Wellness, Tech, Contrast-Focus]",Wellness Centre,2 cold plunge tubs,TRUE,https://www.1rebel.com/en-gb/clubs/high-street-kensington
Psycle (Oxford Circus),"76 Mortimer St, London W1W 7SA","Zero Rule Applied: Verified Jan 2026: This studio uses Infrared panels for its ""Infrared Sculpt"" and ""Yoga"" classes. It does NOT have standalone saunas or recovery suites.",,0,0,[],"[Boutique, Athletic, Tech]",Fitness Studio,,TRUE,https://psyclelondon.com/pages/oxford-circus
FS8 (Blackhorse Lane),"Blackhorse Mills, Unit 4, London E17 6ZJ",2026 Verification: A boutique functional studio. Features a standalone Infrared sauna unit available for private 20-30 minute recovery sessions.,,1,0,[Infrared],"[Boutique, Wellness, Tech]",Fitness Studio,,TRUE,https://fs8.com/studio/blackhorselane/
Skuna Boats (West India Quay),"West India Quay, London E14 4AL","2026 Flagship: A unique floating sauna experience. Operates two separate wood-fired ""Sauna Boats"" (one for 16 guests, one for 8) on the London docks.",1,2,0,"[Finnish, Wood-fired]","[Social, Boutique, Traditional, Outdoor]",Social Sauna,,TRUE,https://www.skunaboats.com/sauna-boat
Third Space Canary Wharf,"16-19 Canada Square, London E14 5ER","2026 Flagship: Europe's largest luxury health club. Following the 2025 ""Recovery Spa"" addition, the site now features high-tech biohacking tools alongside its traditional wet spa facilities.",,3,2,"[Finnish, Infrared]","[Luxury, Athletic, Wellness, Tech, Traditional]",Gym / Leisure Centre,1 cold plunge tub (Recovery Spa),TRUE,https://www.thirdspace.london/canary-wharf/